today,village
7/17/2025,ALTO RIOJA
7/17/2025,ALTO RIOJA
7/17/2025,ALTO RIOJA
7/17/2025,ALTO RIOJA
7/17/2025,ALTO RIOJA
7/17/2025,ALTO RIOJA
7/15/2025,DINAMARCA
7/15/2025,DINAMARCA
7/15/2025,DINAMARCA
7/15/2025,DINAMARCA
7/14/2025,FLOR DE PRIMAVERA
7/14/2025,FLOR DE PRIMAVERA
7/14/2025,FLOR DE PRIMAVERA
7/14/2025,FLOR DE PRIMAVERA
7/14/2025,FLOR DE PRIMAVERA
7/14/2025,FLOR DE PRIMAVERA
7/14/2025,FLOR DE PRIMAVERA
7/14/2025,FLOR DE PRIMAVERA
7/14/2025,FLOR DE PRIMAVERA
7/14/2025,HUICUNGO
7/15/2025,HUICUNGO
7/15/2025,HUICUNGO
7/14/2025,HUICUNGO
7/14/2025,HUICUNGO
7/16/2025,MONTE RICO
7/16/2025,MONTE RICO
7/16/2025,MONTE RICO
7/16/2025,MONTE RICO
7/16/2025,MONTE RICO
7/16/2025,MONTE RICO
7/16/2025,MONTE RICO
7/16/2025,MONTE RICO
7/16/2025,MONTE RICO
7/17/2025,SANTA MARTHA
7/15/2025,VILLA HERMOSA
7/15/2025,VILLA HERMOSA
7/16/2025,VILLA HERMOSA
7/15/2025,VILLA HERMOSA
7/15/2025,VILLA HERMOSA
7/15/2025,VILLA HERMOSA
7/15/2025,VILLA HERMOSA
7/16/2025,VILLA HERMOSA
